DateTime,Prophet
2017-07-01 00:00:00,32.54343054876123
2017-07-01 01:00:00,30.404683777498164
2017-07-01 02:00:00,27.616104631135535
2017-07-01 03:00:00,24.45410020361947
2017-07-01 04:00:00,21.65321638659369
2017-07-01 05:00:00,20.01531875378343
2017-07-01 06:00:00,19.91972037907783
2017-07-01 07:00:00,21.142782823717432
2017-07-01 08:00:00,23.10784176837211
2017-07-01 09:00:00,25.30313690272592
2017-07-01 10:00:00,27.493539065604153
2017-07-01 11:00:00,29.600901928413247
2017-07-01 12:00:00,31.47106226568831
2017-07-01 13:00:00,32.83509474953013
2017-07-01 14:00:00,33.52965099138963
2017-07-01 15:00:00,33.72979728140417
2017-07-01 16:00:00,33.90005987559784
2017-07-01 17:00:00,34.44442594836783
2017-07-01 18:00:00,35.35635524167292
2017-07-01 19:00:00,36.20199467560465
2017-07-01 20:00:00,36.46589109508
2017-07-01 21:00:00,35.942399996065014
2017-07-01 22:00:00,34.81320987001842
2017-07-01 23:00:00,33.36131676212244
2017-07-02 00:00:00,31.631892230511696
2017-07-02 01:00:00,29.40295645318809
2017-07-02 02:00:00,26.51665827011151
2017-07-02 03:00:00,23.24993965769784
2017-07-02 04:00:00,20.339633936680244
2017-07-02 05:00:00,18.590123836157705
2017-07-02 06:00:00,18.381560855399652
2017-07-02 07:00:00,19.48877442673521
2017-07-02 08:00:00,21.332194592830145
2017-07-02 09:00:00,23.397437321291683
2017-07-02 10:00:00,25.447877749206516
2017-07-02 11:00:00,27.404548789600856
2017-07-02 12:00:00,29.112244641797687
2017-07-02 13:00:00,30.30064046076488
2017-07-02 14:00:00,30.805510714528296
2017-07-02 15:00:00,30.802493547653466
2017-07-02 16:00:00,30.757957344882307
2017-07-02 17:00:00,31.077643255379293
2017-07-02 18:00:00,31.755318273554483
2017-07-02 19:00:00,32.355934960174714
2017-07-02 20:00:00,32.36270592898962
2017-07-02 21:00:00,31.570049665933748
2017-07-02 22:00:00,30.161420345028006
2017-07-02 23:00:00,28.422163266432
2017-07-03 00:00:00,26.399054647122398
2017-07-03 01:00:00,23.87085664746624
2017-07-03 02:00:00,20.680886613084123
2017-07-03 03:00:00,17.109120874235654
2017-07-03 04:00:00,13.897377869931265
2017-07-03 05:00:00,11.855427494319619
2017-07-03 06:00:00,11.367272425789883
2017-07-03 07:00:00,12.209332526907973
2017-07-03 08:00:00,13.802328644499068
2017-07-03 09:00:00,15.632484858786581
2017-07-03 10:00:00,17.464907235643732
2017-07-03 11:00:00,19.222987150144068
2017-07-03 12:00:00,20.753564746741908
2017-07-03 13:00:00,21.787869661872698
2017-07-03 14:00:00,22.163574904864458
2017-07-03 15:00:00,22.059444662610463
2017-07-03 16:00:00,21.9459801395683
2017-07-03 17:00:00,22.23266340824189
2017-07-03 18:00:00,22.915213988730333
2017-07-03 19:00:00,23.55865859733439
2017-07-03 20:00:00,23.64573565002611
2017-07-03 21:00:00,22.97135028710336
2017-07-03 22:00:00,21.720686044082342
2017-07-03 23:00:00,20.180922212127037
2017-07-04 00:00:00,18.39943149831635
2017-07-04 01:00:00,16.154208288023508
2017-07-04 02:00:00,13.28772389448626
2017-07-04 03:00:00,10.080472141827048
2017-07-04 04:00:00,7.276245603466329
2017-07-04 05:00:00,5.686710185471135
2017-07-04 06:00:00,5.695768081613574
2017-07-04 07:00:00,7.077042662307041
2017-07-04 08:00:00,9.246754044917889
2017-07-04 09:00:00,11.686574070101635
2017-07-04 10:00:00,14.15785117963611
2017-07-04 11:00:00,16.58056351573918
2017-07-04 12:00:00,18.797591395242634
2017-07-04 13:00:00,20.535531662410772
2017-07-04 14:00:00,21.6276426453055
2017-07-04 15:00:00,22.24943334913946
2017-07-04 16:00:00,22.86914830335122
2017-07-04 17:00:00,23.893673611071595
2017-07-04 18:00:00,25.31445838205281
2017-07-04 19:00:00,26.69055567253475
2017-07-04 20:00:00,27.49841730249735
2017-07-04 21:00:00,27.527916843053646
2017-07-04 22:00:00,26.960799697513718
2017-07-04 23:00:00,26.081316098605008
2017-07-05 00:00:00,24.933126896184067
2017-07-05 01:00:00,23.28965127642755
2017-07-05 02:00:00,20.98924966943365
2017-07-05 03:00:00,18.310247703399952
2017-07-05 04:00:00,15.99633664648709
2017-07-05 05:00:00,14.85963844440414
2017-07-05 06:00:00,15.2831693367082
2017-07-05 07:00:00,17.037637839446912
2017-07-05 08:00:00,19.53531809376084
2017-07-05 09:00:00,22.25455688006405
2017-07-05 10:00:00,24.95483720704037
2017-07-05 11:00:00,27.555267106683523
2017-07-05 12:00:00,29.897940496284747
2017-07-05 13:00:00,31.708598190221988
2017-07-05 14:00:00,32.820430889142365
2017-07-05 15:00:00,33.41057098691292
2017-07-05 16:00:00,33.95037231848786
2017-07-05 17:00:00,34.84992943856642
2017-07-05 18:00:00,36.10261059045639
2017-07-05 19:00:00,37.268012741735234
2017-07-05 20:00:00,37.823086448124975
2017-07-05 21:00:00,37.5596640108598
2017-07-05 22:00:00,36.66318332185114
2017-07-05 23:00:00,35.42217068668426
2017-07-06 00:00:00,33.883788470027056
2017-07-06 01:00:00,31.82403624831432
2017-07-06 02:00:00,29.08419629927538
2017-07-06 03:00:00,25.947272490586826
2017-07-06 04:00:00,23.16345379250326
2017-07-06 05:00:00,21.551611583878103
2017-07-06 06:00:00,21.49980929258979
2017-07-06 07:00:00,22.78136294755027
2017-07-06 08:00:00,24.809666403402993
2017-07-06 09:00:00,27.06430957089848
2017-07-06 10:00:00,29.306945376418554
2017-07-06 11:00:00,31.45928472058585
2017-07-06 12:00:00,33.36552227367996
2017-07-06 13:00:00,34.75282696481306
2017-07-06 14:00:00,35.4559922140005
2017-07-06 15:00:00,35.654826003625374
2017-07-06 16:00:00,35.824227595881254
2017-07-06 17:00:00,36.3773284249643
2017-07-06 18:00:00,37.308651134748445
2017-07-06 19:00:00,38.17699914980927
2017-07-06 20:00:00,38.45793763116838
2017-07-06 21:00:00,37.94285808491014
2017-07-06 22:00:00,36.818012067044044
2017-07-06 23:00:00,35.3728842693135
2017-07-07 00:00:00,33.654426277673494
2017-07-07 01:00:00,31.43715867789338
2017-07-07 02:00:00,28.560929318329556
2017-07-07 03:00:00,25.3088193801696
2017-07-07 04:00:00,22.432723636834055
2017-07-07 05:00:00,20.753334491044217
2017-07-07 06:00:00,20.658752247145273
2017-07-07 07:00:00,21.919862350807406
2017-07-07 08:00:00,23.94616550151514
2017-07-07 09:00:00,26.213558402195968
2017-07-07 10:00:00,28.481053117701386
2017-07-07 11:00:00,30.668324415774475
2017-07-07 12:00:00,32.61724341242453
2017-07-07 13:00:00,34.05223671208275
2017-07-07 14:00:00,34.80581891805758
2017-07-07 15:00:00,35.056911534799866
2017-07-07 16:00:00,35.2807424757209
2017-07-07 17:00:00,35.890629435941214
2017-07-07 18:00:00,36.879780765813784
2017-07-07 19:00:00,37.804130167312145
2017-07-07 20:00:00,38.13617914160563
2017-07-07 21:00:00,37.66559831580295
2017-07-07 22:00:00,36.57856626001174
2017-07-07 23:00:00,35.16502325693863
2017-07-08 00:00:00,33.471577007067594
2017-07-08 01:00:00,31.271487229345144
2017-07-08 02:00:00,28.40371430126053
2017-07-08 03:00:00,25.15226657069159
2017-07-08 04:00:00,22.271868320717267
2017-07-08 05:00:00,20.586398859113018
2017-07-08 06:00:00,20.485569616635924
2017-07-08 07:00:00,21.739582659426713
2017-07-08 08:00:00,23.755929199598356
2017-07-08 09:00:00,26.008795848852692
2017-07-08 10:00:00,28.25659937180607
2017-07-08 11:00:00,30.419049956476044
2017-07-08 12:00:00,32.33775733023682
2017-07-08 13:00:00,33.73642473684118
2017-07-08 14:00:00,34.44723195630142
2017-07-08 15:00:00,34.65005374470934
2017-07-08 16:00:00,34.82215571448341
2017-07-08 17:00:00,35.37859699426998
2017-07-08 18:00:00,36.312653271837554
2017-07-08 19:00:00,37.178580723991864
2017-07-08 20:00:00,37.44680802923704
2017-07-08 21:00:00,36.906066582346696
2017-07-08 22:00:00,35.743030761932836
2017-07-08 23:00:00,34.248452899114206
2017-07-09 00:00:00,32.4687455698626
2017-07-09 01:00:00,30.17585734477485
2017-07-09 02:00:00,27.207624301378548
2017-07-09 03:00:00,23.848574688312127
2017-07-09 04:00:00,20.855704036827564
2017-07-09 05:00:00,19.05539175145358
2017-07-09 06:00:00,18.838170110539316
2017-07-09 07:00:00,19.972691343856106
2017-07-09 08:00:00,21.86352360446032
2017-07-09 09:00:00,23.982213082825556
2017-07-09 10:00:00,26.08566531350403
2017-07-09 11:00:00,28.092755823836402
2017-07-09 12:00:00,29.844039944024942
2017-07-09 13:00:00,31.061812107014095
2017-07-09 14:00:00,31.577368614617807
2017-07-09 15:00:00,31.571153112091306
2017-07-09 16:00:00,31.522274125350297
2017-07-09 17:00:00,31.84754963804122
2017-07-09 18:00:00,32.54057186904373
2017-07-09 19:00:00,33.15441656865803
2017-07-09 20:00:00,33.15819697344042
2017-07-09 21:00:00,32.34073125881296
2017-07-09 22:00:00,30.890488361036933
2017-07-09 23:00:00,29.100603843964244
2017-07-10 00:00:00,27.01913397394721
2017-07-10 01:00:00,24.418813271295022
2017-07-10 02:00:00,21.138695035166023
2017-07-10 03:00:00,17.466395075982543
2017-07-10 04:00:00,14.163951418391772
2017-07-10 05:00:00,12.063191783504136
2017-07-10 06:00:00,11.558564102658362
2017-07-10 07:00:00,12.42037831866832
2017-07-10 08:00:00,14.053562912798133
2017-07-10 09:00:00,15.930343335272678
2017-07-10 10:00:00,17.80942815983433
2017-07-10 11:00:00,19.612123752400073
2017-07-10 12:00:00,21.181103304958963
2017-07-10 13:00:00,22.240286441929992
2017-07-10 14:00:00,22.622936749885394
2017-07-10 15:00:00,22.512689929386138
2017-07-10 16:00:00,22.392849849040346
2017-07-10 17:00:00,22.684033702788255
2017-07-10 18:00:00,23.381839562494125
2017-07-10 19:00:00,24.039465009032615
2017-07-10 20:00:00,24.125590450961568
2017-07-10 21:00:00,23.42955517750288
2017-07-10 22:00:00,22.141584485812707
2017-07-10 23:00:00,20.556666983567638
2017-07-11 00:00:00,18.723466116019818
2017-07-11 01:00:00,16.413950611476334
2017-07-11 02:00:00,13.466320752269128
2017-07-11 03:00:00,10.168693714089946
2017-07-11 04:00:00,7.285056294593127
2017-07-11 05:00:00,5.64909763420283
2017-07-11 06:00:00,5.655121449482574
2017-07-11 07:00:00,7.070588509117073
2017-07-11 08:00:00,9.295865207937482
2017-07-11 09:00:00,11.798555092383376
2017-07-11 10:00:00,14.333531593989902
2017-07-11 11:00:00,16.818603011374893
2017-07-11 12:00:00,19.0923911740358
2017-07-11 13:00:00,20.87408536834127
2017-07-11 14:00:00,21.992431697019878
2017-07-11 15:00:00,22.62770343553077
2017-07-11 16:00:00,23.26083695857611
2017-07-11 17:00:00,24.309740005374955
2017-07-11 18:00:00,25.765625027589405
2017-07-11 19:00:00,27.175599978404982
2017-07-11 20:00:00,28.001942925344807
2017-07-11 21:00:00,28.02884705097798
2017-07-11 22:00:00,27.442987169147592
2017-07-11 23:00:00,26.536313627061716
2017-07-12 00:00:00,25.35367289679913
2017-07-12 01:00:00,23.66235837850271
2017-07-12 02:00:00,21.296365185648874
2017-07-12 03:00:00,18.541554657388417
2017-07-12 04:00:00,16.161732030724448
2017-07-12 05:00:00,14.990970285630091
2017-07-12 06:00:00,15.42262363288274
2017-07-12 07:00:00,17.221183594626414
2017-07-12 08:00:00,19.783025779402088
2017-07-12 09:00:00,22.572393776425333
2017-07-12 10:00:00,25.342270835610606
2017-07-12 11:00:00,28.00958068402044
2017-07-12 12:00:00,30.412154617318738
2017-07-12 13:00:00,32.26833202614392
2017-07-12 14:00:00,33.40680763387453
2017-07-12 15:00:00,34.00950421510661
2017-07-12 16:00:00,34.56050308095115
2017-07-12 17:00:00,35.48096514300817
2017-07-12 18:00:00,36.76407528520184
2017-07-12 19:00:00,37.957546658072744
2017-07-12 20:00:00,38.5242246797995
2017-07-12 21:00:00,38.250336484737105
2017-07-12 22:00:00,37.32633042777884
2017-07-12 23:00:00,36.04851899096605
2017-07-13 00:00:00,34.46534037433925
2017-07-13 01:00:00,32.346761847697614
2017-07-13 02:00:00,29.52979621511362
2017-07-13 03:00:00,26.30508035168172
2017-07-13 04:00:00,23.443015038109877
2017-07-13 05:00:00,21.784520177738916
2017-07-13 06:00:00,21.728093432911578
2017-07-13 07:00:00,23.04092802925987
2017-07-13 08:00:00,25.120610599943145
2017-07-13 09:00:00,27.432715535568082
2017-07-13 10:00:00,29.732479328601872
2017-07-13 11:00:00,31.939506907655574
2017-07-13 12:00:00,33.89380308350587
2017-07-13 13:00:00,35.315202045508755
2017-07-13 14:00:00,36.03406141096139
2017-07-13 15:00:00,36.23503285584194
2017-07-13 16:00:00,36.40578929884155
2017-07-13 17:00:00,36.970567390770626
2017-07-13 18:00:00,37.92373784968551
2017-07-13 19:00:00,38.81224426831266
2017-07-13 20:00:00,39.09756326407522
2017-07-13 21:00:00,38.56549051504724
2017-07-13 22:00:00,37.407290334660836
2017-07-13 23:00:00,35.92022912164406
2017-07-14 00:00:00,34.15252341052614
2017-07-14 01:00:00,31.872644581797548
2017-07-14 02:00:00,28.916148559010846
2017-07-14 03:00:00,25.573722031207804
2017-07-14 04:00:00,22.61743958039011
2017-07-14 05:00:00,20.89000620314833
2017-07-14 06:00:00,20.78991717853531
2017-07-14 07:00:00,22.08189317392694
2017-07-14 08:00:00,24.159583598073713
2017-07-14 09:00:00,26.484824090831793
2017-07-14 10:00:00,28.810163877795333
2017-07-14 11:00:00,31.053125082560744
2017-07-14 12:00:00,33.05134259435257
2017-07-14 13:00:00,34.52186275683587
2017-07-14 14:00:00,35.29272020134798
2017-07-14 15:00:00,35.54763777049385
2017-07-14 16:00:00,35.774576909223214
2017-07-14 17:00:00,36.39792299882685
2017-07-14 18:00:00,37.41069783796198
2017-07-14 19:00:00,38.356943827864235
2017-07-14 20:00:00,38.695045807728164
2017-07-14 21:00:00,38.20905394204155
2017-07-14 22:00:00,37.09013848107633
2017-07-14 23:00:00,35.63600390847433
2017-07-15 00:00:00,33.89450889492187
2017-07-15 01:00:00,31.632853404668392
2017-07-15 02:00:00,28.685698618575316
2017-07-15 03:00:00,25.34465420026043
2017-07-15 04:00:00,22.384622884083015
2017-07-15 05:00:00,20.651497769848287
2017-07-15 06:00:00,20.545388701267285
2017-07-15 07:00:00,21.83033830342101
2017-07-15 08:00:00,23.897993372015424
2017-07-15 09:00:00,26.20848749104022
2017-07-15 10:00:00,28.513783399125042
2017-07-15 11:00:00,30.731447847327274
2017-07-15 12:00:00,32.69886355987168
2017-07-15 13:00:00,34.13236239494858
2017-07-15 14:00:00,34.85965234136879
2017-07-15 15:00:00,35.065416659674966
2017-07-15 16:00:00,35.239660355133694
2017-07-15 17:00:00,35.80851454515233
2017-07-15 18:00:00,36.76507089576687
2017-07-15 19:00:00,37.65169487123146
2017-07-15 20:00:00,37.92469701192998
2017-07-15 21:00:00,37.367184638061644
2017-07-15 22:00:00,36.17081804010923
2017-07-15 23:00:00,34.63410585735049
2017-07-16 00:00:00,32.80470170440229
2017-07-16 01:00:00,30.448482562911142
2017-07-16 02:00:00,27.39897176449111
2017-07-16 03:00:00,23.948283844531485
2017-07-16 04:00:00,20.873576557268116
2017-07-16 05:00:00,19.02322599320008
2017-07-16 06:00:00,18.798145218160172
2017-07-16 07:00:00,19.96080926581186
2017-07-16 08:00:00,21.899924403984322
2017-07-16 09:00:00,24.07296704848678
2017-07-16 10:00:00,26.230373131547882
2017-07-16 11:00:00,28.288860793273155
2017-07-16 12:00:00,30.08474649093066
2017-07-16 13:00:00,31.332943929718404
2017-07-16 14:00:00,31.860271237413183
2017-07-16 15:00:00,31.8519775501743
2017-07-16 16:00:00,31.799911523252966
2017-07-16 17:00:00,32.13196796076171
2017-07-16 18:00:00,32.84156429014582
2017-07-16 19:00:00,33.46989943322196
2017-07-16 20:00:00,33.47198722931967
2017-07-16 21:00:00,32.631045521193975
2017-07-16 22:00:00,31.140557983260358
2017-07-16 23:00:00,29.30145041692751
2017-07-17 00:00:00,27.163059109341237
2017-07-17 01:00:00,24.492090910843313
2017-07-17 02:00:00,21.123335041646868
2017-07-17 03:00:00,17.35204675812739
2017-07-17 04:00:00,13.960483633513928
2017-07-17 05:00:00,11.802531178027207
2017-07-17 06:00:00,11.283082535112264
2017-07-17 07:00:00,12.166337685373353
2017-07-17 08:00:00,13.841432699629953
2017-07-17 09:00:00,15.766594351603809
2017-07-17 10:00:00,17.694133674069487
2017-07-17 11:00:00,19.543271972980282
2017-07-17 12:00:00,21.15251543508137
2017-07-17 13:00:00,22.238473617777704
2017-07-17 14:00:00,22.63000062800883
2017-07-17 15:00:00,22.515603620985342
2017-07-17 16:00:00,22.391389068428882
2017-07-17 17:00:00,22.689109222582484
2017-07-17 18:00:00,23.40424064204265
2017-07-17 19:00:00,24.078151705051297
2017-07-17 20:00:00,24.165464743522246
2017-07-17 21:00:00,23.44995312436625
2017-07-17 22:00:00,22.126883833154622
2017-07-17 23:00:00,20.49905471870135
2017-07-18 00:00:00,18.61641988710654
2017-07-18 01:00:00,16.244922330262053
2017-07-18 02:00:00,13.21849121816535
2017-07-18 03:00:00,9.83286699465041
2017-07-18 04:00:00,6.8722305961453305
2017-07-18 05:00:00,5.192294310028843
2017-07-18 06:00:00,5.197763286070579
2017-07-18 07:00:00,6.64993559977941
2017-07-18 08:00:00,8.933323829809185
2017-07-18 09:00:00,11.501463133292527
2017-07-18 10:00:00,14.102751833492816
2017-07-18 11:00:00,16.652828286096888
2017-07-18 12:00:00,18.98605573186411
2017-07-18 13:00:00,20.8142157953444
2017-07-18 14:00:00,21.961542248808087
2017-07-18 15:00:00,22.613072530328726
2017-07-18 16:00:00,23.26243475041824
2017-07-18 17:00:00,24.338558172745795
2017-07-18 18:00:00,25.832418477675073
2017-07-18 19:00:00,27.279178399704943
2017-07-18 20:00:00,28.126942136778407
2017-07-18 21:00:00,28.15422236330158
2017-07-18 22:00:00,27.55262318243553
2017-07-18 23:00:00,26.62179493260607
2017-07-19 00:00:00,25.407769582847763
2017-07-19 01:00:00,23.671714620230592
2017-07-19 02:00:00,21.243259712358924
2017-07-19 03:00:00,18.41580177838068
2017-07-19 04:00:00,15.973259891151011
2017-07-19 05:00:00,14.7716579299913
2017-07-19 06:00:00,15.214687940106613
2017-07-19 07:00:00,17.060624311001387
2017-07-19 08:00:00,19.689943978041523
2017-07-19 09:00:00,22.552787196575764
2017-07-19 10:00:00,25.39563731336286
2017-07-19 11:00:00,28.13323360417133
2017-07-19 12:00:00,30.599144594903827
2017-07-19 13:00:00,32.5043081022368
2017-07-19 14:00:00,33.67292272040203
2017-07-19 15:00:00,34.29170145085513
2017-07-19 16:00:00,34.857452925156615
2017-07-19 17:00:00,35.802404254320386
2017-07-19 18:00:00,37.11955680329739
2017-07-19 19:00:00,38.344739744507194
2017-07-19 20:00:00,38.926693195432215
2017-07-19 21:00:00,38.64603895862233
2017-07-19 22:00:00,37.69823568532716
2017-07-19 23:00:00,36.38738186540499
2017-07-20 00:00:00,34.76319136403288
2017-07-20 01:00:00,32.589598971945534
2017-07-20 02:00:00,29.699347845876357
2017-07-20 03:00:00,26.390707692557385
2017-07-20 04:00:00,23.45429092577043
2017-07-20 05:00:00,21.7530657936469
2017-07-20 06:00:00,21.69596401237613
2017-07-20 07:00:00,23.04405582140828
2017-07-20 08:00:00,25.17912044785949
2017-07-20 09:00:00,27.552716575925782
2017-07-20 10:00:00,29.91366407619821
2017-07-20 11:00:00,32.1794617155112
2017-07-20 12:00:00,34.18592425374912
2017-07-20 13:00:00,35.64555094733057
2017-07-20 14:00:00,36.38426341607445
2017-07-20 15:00:00,36.591556832973275
2017-07-20 16:00:00,36.76787757503461
2017-07-20 17:00:00,37.34856730987253
2017-07-20 18:00:00,38.327844628162836
2017-07-20 19:00:00,39.24079308760945
2017-07-20 20:00:00,39.534800557246704
2017-07-20 21:00:00,38.99006668069333
2017-07-20 22:00:00,37.80286832070411
2017-07-20 23:00:00,36.27825337336959
2017-07-21 00:00:00,34.46570311044148
2017-07-21 01:00:00,32.1276394943338
2017-07-21 02:00:00,29.09532630904388
2017-07-21 03:00:00,25.667055536088252
2017-07-21 04:00:00,22.63508134787421
2017-07-21 05:00:00,20.86412111590763
2017-07-21 06:00:00,20.763064873130173
2017-07-21 07:00:00,22.090468286532452
2017-07-21 08:00:00,24.224129250361035
2017-07-21 09:00:00,26.611822115874002
2017-07-21 10:00:00,28.999633043224073
2017-07-21 11:00:00,31.30293128307069
2017-07-21 12:00:00,33.35511526827204
2017-07-21 13:00:00,34.86585085057417
2017-07-21 14:00:00,35.6586924564916
2017-07-21 15:00:00,35.92216403285236
2017-07-21 16:00:00,36.1569603204671
2017-07-21 17:00:00,36.79853414990179
2017-07-21 18:00:00,37.83972052964808
2017-07-21 19:00:00,38.81267032041116
2017-07-21 20:00:00,39.16165145819367
2017-07-21 21:00:00,38.665093402350955
2017-07-21 22:00:00,37.51915783925762
2017-07-21 23:00:00,36.02931320825865
2017-07-22 00:00:00,34.244668903562605
2017-07-22 01:00:00,31.92636488673285
2017-07-22 02:00:00,28.904762892688954
2017-07-22 03:00:00,25.47907365014553
2017-07-22 04:00:00,22.44437809288155
2017-07-22 05:00:00,20.668582859413895
2017-07-22 06:00:00,20.562195951999495
2017-07-22 07:00:00,21.88310029888862
2017-07-22 08:00:00,24.007098022397003
2017-07-22 09:00:00,26.380269420511098
2017-07-22 10:00:00,28.748122946482965
2017-07-22 11:00:00,31.026081653695513
2017-07-22 12:00:00,33.047301001350185
2017-07-22 13:00:00,34.52074119901762
2017-07-22 14:00:00,35.269638180039024
2017-07-22 15:00:00,35.48348344409685
2017-07-22 16:00:00,35.66502112265543
2017-07-22 17:00:00,36.25145405428134
2017-07-22 18:00:00,37.23568961447565
2017-07-22 19:00:00,38.14820228487464
2017-07-22 20:00:00,38.43118419687945
2017-07-22 21:00:00,37.862118324080164
2017-07-22 22:00:00,36.63765059534573
2017-07-22 23:00:00,35.06404568431502
2017-07-23 00:00:00,33.19019796873112
2017-07-23 01:00:00,30.77591256518751
2017-07-23 02:00:00,27.650399781648044
2017-07-23 03:00:00,24.11336016236839
2017-07-23 04:00:00,20.96211340514986
2017-07-23 05:00:00,19.067032006172614
2017-07-23 06:00:00,18.83940953751425
2017-07-23 07:00:00,20.03554355455607
2017-07-23 08:00:00,22.028278156821642
2017-07-23 09:00:00,24.261019701336096
2017-07-23 10:00:00,26.47773423315471
2017-07-23 11:00:00,28.592982219239857
2017-07-23 12:00:00,30.43884095732006
2017-07-23 13:00:00,31.72284313724534
2017-07-23 14:00:00,32.26732842434236
2017-07-23 15:00:00,32.262351156439614
2017-07-23 16:00:00,32.212499828026296
2017-07-23 17:00:00,32.55674577287755
2017-07-23 18:00:00,33.28833133529138
2017-07-23 19:00:00,33.93657831621688
2017-07-23 20:00:00,33.94240086449698
2017-07-23 21:00:00,33.08341619640061
2017-07-23 22:00:00,31.558122429760985
2017-07-23 23:00:00,29.675235308068537
2017-07-24 00:00:00,27.485370843541524
2017-07-24 01:00:00,24.7492079193934
2017-07-24 02:00:00,21.297271379846148
2017-07-24 03:00:00,17.432455628273225
2017-07-24 04:00:00,13.957237488993526
2017-07-24 05:00:00,11.747559961174792
2017-07-24 06:00:00,11.218761100600867
2017-07-24 07:00:00,12.128930625110996
2017-07-24 08:00:00,13.851411893886924
2017-07-24 09:00:00,15.830432702531997
2017-07-24 10:00:00,17.81190624045027
2017-07-24 11:00:00,19.712968451203743
2017-07-24 12:00:00,21.36795821257352
2017-07-24 13:00:00,22.486174711395194
2017-07-24 14:00:00,22.89206227054166
2017-07-24 15:00:00,22.77899919519619
2017-07-24 16:00:00,22.655894254952095
2017-07-24 17:00:00,22.965634454730225
2017-07-24 18:00:00,23.703574533700774
2017-07-24 19:00:00,24.399253361019795
2017-07-24 20:00:00,24.493234885091567
2017-07-24 21:00:00,23.763726243247696
2017-07-24 22:00:00,22.411035801847806
2017-07-24 23:00:00,20.745770342874398
2017-07-25 00:00:00,18.819174324996396
2017-07-25 01:00:00,16.39116469503437
2017-07-25 02:00:00,13.291399201803518
2017-07-25 03:00:00,9.823241248059944
2017-07-25 04:00:00,6.791065599559035
2017-07-25 05:00:00,5.072607380924349
2017-07-25 06:00:00,5.0829728652344555
2017-07-25 07:00:00,6.57729712462379
2017-07-25 08:00:00,8.924238611351555
2017-07-25 09:00:00,11.563263782307363
2017-07-25 10:00:00,14.236295542198683
2017-07-25 11:00:00,16.85680199263885
2017-07-25 12:00:00,19.254887475051774
2017-07-25 13:00:00,21.134925640696306
2017-07-25 14:00:00,22.316637620206816
2017-07-25 15:00:00,22.98982470301385
2017-07-25 16:00:00,23.66080642414374
2017-07-25 17:00:00,24.76953326022248
2017-07-25 18:00:00,26.306743808755485
2017-07-25 19:00:00,27.795655274215083
2017-07-25 20:00:00,28.670197673264862
2017-07-25 21:00:00,28.703202860836527
2017-07-25 22:00:00,28.091203917959618
2017-07-25 23:00:00,27.14155086268841
2017-07-26 00:00:00,25.901460849850352
2017-07-26 01:00:00,24.125975142034335
2017-07-26 02:00:00,21.640357649828374
2017-07-26 03:00:00,18.745540561332497
2017-07-26 04:00:00,16.245556474260376
2017-07-26 05:00:00,15.018379856530839
2017-07-26 06:00:00,15.478040277049233
2017-07-26 07:00:00,17.376594682234373
2017-07-26 08:00:00,20.078621023927784
2017-07-26 09:00:00,23.020155913677815
2017-07-26 10:00:00,25.94118248513738
2017-07-26 11:00:00,28.75425525318398
2017-07-26 12:00:00,31.288679664621196
2017-07-26 13:00:00,33.247991653125254
2017-07-26 14:00:00,34.45189337497902
2017-07-26 15:00:00,35.09188774994971
2017-07-26 16:00:00,35.67751042195691
2017-07-26 17:00:00,36.65205439358626
2017-07-26 18:00:00,38.00833720336534
2017-07-26 19:00:00,39.27030373851458
2017-07-26 20:00:00,39.87258850916878
2017-07-26 21:00:00,39.59020767969313
2017-07-26 22:00:00,38.62362989191658
2017-07-26 23:00:00,37.28473933802392
2017-07-27 00:00:00,35.6245252433159
2017-07-27 01:00:00,33.4008896152389
2017-07-27 02:00:00,30.442305658901326
2017-07-27 03:00:00,27.054675609449397
2017-07-27 04:00:00,24.048823209999334
2017-07-27 05:00:00,22.309764752088153
2017-07-27 06:00:00,22.256865703228463
2017-07-27 07:00:00,23.6450730154065
2017-07-27 08:00:00,25.84035820927287
2017-07-27 09:00:00,28.280263962224726
2017-07-27 10:00:00,30.707193223492265
2017-07-27 11:00:00,33.03653829931876
2017-07-27 12:00:00,35.09992360047354
2017-07-27 13:00:00,36.602513152886395
2017-07-27 14:00:00,37.365792282025836
2017-07-27 15:00:00,37.584099361748244
2017-07-27 16:00:00,37.770653931970685
2017-07-27 17:00:00,38.371902382317955
2017-07-27 18:00:00,39.38191088219077
2017-07-27 19:00:00,40.32390266106005
2017-07-27 20:00:00,40.63117654717938
2017-07-27 21:00:00,40.07833585803929
2017-07-27 22:00:00,38.86666971500309
2017-07-27 23:00:00,37.309007221494674
2017-07-28 00:00:00,35.456094097403515
2017-07-28 01:00:00,33.06430259879925
2017-07-28 02:00:00,29.960604082770438
2017-07-28 03:00:00,26.450895536768776
2017-07-28 04:00:00,23.34761043805286
2017-07-28 05:00:00,21.53747824838266
2017-07-28 06:00:00,21.439783471006944
2017-07-28 07:00:00,22.80691648962966
2017-07-28 08:00:00,25.0008234021329
2017-07-28 09:00:00,27.45521699098065
2017-07-28 10:00:00,29.909720070191938
2017-07-28 11:00:00,32.27754873937231
2017-07-28 12:00:00,34.387864697019026
2017-07-28 13:00:00,35.94295302659327
2017-07-28 14:00:00,36.76188767388113
2017-07-28 15:00:00,37.03799341551665
2017-07-28 16:00:00,37.284698014740925
2017-07-28 17:00:00,37.94852147909798
2017-07-28 18:00:00,39.02211175575887
2017-07-28 19:00:00,40.02572789483504
2017-07-28 20:00:00,40.38952066024914
2017-07-28 21:00:00,39.88629853854196
2017-07-28 22:00:00,38.71721438572224
2017-07-28 23:00:00,37.19550033148844
2017-07-29 00:00:00,35.371516229486716
2017-07-29 01:00:00,33.0003417757873
2017-07-29 02:00:00,29.908038997736828
2017-07-29 03:00:00,26.401419428823523
2017-07-29 04:00:00,23.295741943176346
2017-07-29 05:00:00,21.480926460351846
2017-07-29 06:00:00,21.377878884581776
2017-07-29 07:00:00,22.738322192244958
2017-07-29 08:00:00,24.92221357846738
2017-07-29 09:00:00,27.36157980281598
2017-07-29 10:00:00,29.795474782070674
2017-07-29 11:00:00,32.13717762229345
2017-07-29 12:00:00,34.21561626940084
2017-07-29 13:00:00,35.73237903739984
2017-07-29 14:00:00,36.50622955882289
2017-07-29 15:00:00,36.731467328386344
2017-07-29 16:00:00,36.923575361289366
2017-07-29 17:00:00,37.530827976050915
2017-07-29 18:00:00,38.545948018277855
2017-07-29 19:00:00,39.48751874869473
2017-07-29 20:00:00,39.783613653152344
2017-07-29 21:00:00,39.20609112355324
2017-07-29 22:00:00,37.95658249378571
2017-07-29 23:00:00,36.34910823972043
2017-07-30 00:00:00,34.43380327181292
2017-07-30 01:00:00,31.964400612724887
2017-07-30 02:00:00,28.765797319897377
2017-07-30 03:00:00,25.145279720409352
2017-07-30 04:00:00,21.920329231923212
2017-07-30 05:00:00,19.98331453345179
2017-07-30 06:00:00,19.755909483030937
2017-07-30 07:00:00,20.98823393855042
2017-07-30 08:00:00,23.037269613837097
2017-07-30 09:00:00,25.332352591420587
2017-07-30 10:00:00,27.61097881516265
2017-07-30 11:00:00,29.78555086659663
2017-07-30 12:00:00,31.683906673300324
2017-07-30 13:00:00,33.00619770092817
2017-07-30 14:00:00,33.57028494532204
2017-07-30 15:00:00,33.57102774058424
2017-07-30 16:00:00,33.525754216911075
2017-07-30 17:00:00,33.88451203591331
2017-07-30 18:00:00,34.64036825892132
2017-07-30 19:00:00,35.31076736773606
2017-07-30 20:00:00,35.3225236244247
2017-07-30 21:00:00,34.44765342425573
2017-07-30 22:00:00,32.88966913583922
2017-07-30 23:00:00,30.965076253967705
